Line,Line,LineName,Sub-Region of Primary Service,Predominant Vehicle Type,TSG Service Type, POP , EMP ,DataCapture, Average One-Way Trip Distance (km) , Notes ,Service Change 1,Service Change 2,Service Change 3,Service Change 4,Service Change 5,Service Change 6,Service Change 7,Service Change 8,Service Change 9
002,2,MACDONALD/DOWNTOWN,Vancouver/UBC,Std. Bus,All Day Frequent," 84,000 "," 115,000 ",400m, 8.6 , Data reflects service redesign with 022 in summer 2016 ,"- Summer 2016: Split 022 at Burrard Station, this route serves Burrard Station to Dunbar (rest served by 022; all days)",- Summer 2016: Reduce service due to efficiencies with combined 002/022 schedules (all days),0,0,0,0,0,0,0
003,3,MAIN/DOWNTOWN,Vancouver/UBC,Artic. Trolley,All Day Frequent," 79,000 "," 106,000 ",400m, 10.0 ,,- Fall 2015: Increase service 24:30-25:30 from every 30 to 20 min (M-F),0,0,0,0,0,0,0,0
004,4,POWELL/DOWNTOWN/UBC,Vancouver/UBC,Std. Trolley,Peak Frequent," 123,000 "," 163,000 ",400m, 14.2 ,,Summer 2019: Increase service 18:00-19:00 from every 20 to 15 mins (S/H),0,0,0,,0,0,0,0
005/006,5/6,ROBSON–DAVIE/DOWNTOWN,Vancouver/UBC,Std. Trolley,All Day Frequent," 113,000 "," 135,000 ",400m, 3.4 , 005/006 run as a connected loop; data reflects service redesign with 023 in Dec 2016 ,- Fall 2016: Reroute 005/006 btw Burrard and Granville due to 800-block  Robson St  closure (all days),- Summer 2017: Add one WB trip from Yaletown Stn around 06:40 (M-F),Summer 2019: Increase service 21:00-23:00 from every 15 to 12 mins (Sat),Fall 2019: Increase service 07:00-10:00 from every 5-7 to 4-6 mins (M-F); Increase service 21:00-23:00 from every 15 to 12 mins (Sat),0,0,0,0,0
007,7,NANAIMO STN/DUNBAR,Vancouver/UBC,Std. Trolley,Standard," 146,000 "," 150,000 ",400m, 15.7 ,,Fall 2019: Increase service 06:00-09:00 from every 15-20 to 12-15 mins (M-F); Increase service 15:00-19:00 from every 15-20 to 12-15 mins (Sat),0,0,0,0,0,0,0,0
008,8,FRASER/DOWNTOWN,Vancouver/UBC,Artic. Trolley,All Day Frequent," 81,000 "," 102,000 ",400m, 8.9 ,,0,0,0,0,0,0,0,0,0
009,9,BOUNDARY/COMM'L-BDWAY STN/GRANVILLE/ALMA/UBC,Vancouver/UBC,Std. Trolley,All Day Frequent," 114,000 "," 86,000 ",400m, 10.5 ,,0,0,0,0,0,0,0,0,0
010,10,GRANVILLE/DOWNTOWN,Vancouver/UBC,Artic. Trolley,All Day Frequent," 100,000 "," 140,000 ",400m, 10.5 ,,0,0,0,0,0,0,0,0,0
014,14,HASTINGS/UBC,Vancouver/UBC,Std. Trolley,All Day Frequent," 140,000 "," 185,000 ",400m, 13.2 ,,- Fall 2015: Increase service 24:00-25:30 from every 20 to 15 min (M-F),0,,0,0,0,0,0,0
015/050,15/50,CAMBIE/OLYMPIC VLG STN – WATERFRONT STN/FALSE CREEK S,Vancouver/UBC,Std. Bus,Standard," 125,000 "," 175,000 ",400m, 6.7 , 015/050 run as a connected route ,0,0,0,0,0,0,0,0,0
016,16,29TH AVE STN/ARBUTUS,Vancouver/UBC,Std. Trolley,All Day Frequent," 152,000 "," 179,000 ",400m, 17.5 ,,0,0,0,0,0,0,0,0,0
017,17,OAK/DOWNTOWN,Vancouver/UBC,Std. Trolley,All Day Frequent," 92,000 "," 151,000 ",400m, 10.6 ,,0,0,0,0,0,0,0,0,0
019,19,METROTOWN STN/STANLEY PARK,Vancouver/UBC,Std. Trolley,All Day Frequent," 143,000 "," 149,000 ",400m, 13.4 ,,Fall 2019: Increase service NB 07:00-09:00 from every 10 to 9 mins (M-F),0,0,0,0,0,0,0,0
020,20,VICTORIA/DOWNTOWN,Vancouver/UBC,Artic. Trolley,All Day Frequent," 104,000 "," 132,000 ",400m, 9.8 ,,- Summer 2018: Add downtown layover to improve reliability (all days),0,,0,0,0,0,0,0
022,22,KNIGHT/DOWNTOWN,Vancouver/UBC,Std. Bus,All Day Frequent," 102,000 "," 140,000 ",400m, 10.4 , Data reflects service redesign with 002 in summer 2016 ,"- Summer 2016: Split 022 at Burrard Station, this route serves Burrard Station to Knight/Marine (rest served by 002; all days)",- Summer 2016: Reduce service due to efficiencies with combined 002/022 schedules (all days),0,0,0,0,0,0,0
023,23,MAIN ST STN/YALETOWN/BEACH,Vancouver/UBC,Mini-Bus,All Day Frequent," 94,000 "," 63,000 ",400m, 5.5 , Data reflects service redesign with 005/006 in Dec 2016 ,- Winter 2016: Introduce new route btw Main St Science World Stn and Davie/Denman to replace former C21 and C23 (all days),- Spring 2017: Discontinue short-turn trips btw Main St and Yaletown; Operate all trips btw Main St and Davie/Denman (M-F),- Fall 2018: Increase service 07:30-09:00 from every 7-8 to 6-7 min and 09:00-10:00 from every 12 to 10 min (M-F),- Winter 2018: Increase service 19:00-20:30 from every 12 to 15 min (M-F),Fall 2019: Increase service 10:00-13:00 and 20:00-21:00 from every 15 to 10 mins and 21:00-22:00 from every 15 to 12 mins (all days),0,0,0,0
025,25,BRENTWOOD STN/UBC,Vancouver/UBC,Std. Bus,All Day Frequent," 97,000 "," 32,000 ",400m, 22.4 ,,"- Fall 2017: Increase service during a.m./p.m. peak from every 5-10 to 4-8 min (M-F); Increase service 05:00-06:00 from every 60 to 30 min, 08:00-09:00 from every 12 to 10 min, and 19:00-20:00 from every 15 to 12 min (Sat)",- Fall 2018: Increase service 07:20-08:00 EB only and 08:00-09:00 from every 6 to 4 min (M-F),Summer 2019: Increase service 15:00-18:00 from every 12 to 10 mins (Sat),0,0,0,0,0,0
026,26,JOYCE STN/29TH AVE STN,Vancouver/UBC,Std. Bus,Peak Frequent," 60,000 "," 6,000 ",400m, 10.7 ,,- Summer 2016: Reroute to serve Champlain Heights via Tyne and Arlington St (all days),0,,0,0,0,0,0,0
027,27,KOOTENAY LOOP/JOYCE STN,Vancouver/UBC,Std. Bus,Peak Frequent," 55,000 "," 16,000 ",400m, 6.1 ,,0,0,0,0,0,0,0,0,0
028,28,CAPILANO U/PHIBBS EXCH/JOYCE STN,Burnaby/New Westminster,Std. Bus,Peak Frequent," 61,000 "," 24,000 ",400m, 12.1 ,,- Winter 2018: Extend 07:20 NB trip to Cap U from Phibbs Exch (M-F),0,0,0,0,0,0,0,0
029,29,ELLIOTT/29TH AVE STN,Vancouver/UBC,Std. Bus,Peak Frequent," 30,000 "," 2,000 ",400m, 4.4 ,,0,0,0,0,0,0,0,0,0
032,32,DUNBAR/DOWNTOWN,Vancouver/UBC,Std. Bus,Peak Only Limited," 83,000 "," 113,000 ",400m, 9.9 ,,0,0,0,0,0,0,0,0,0
033,33,29TH AVE STN/UBC,Vancouver/UBC,Std. Bus,Peak Frequent," 88,000 "," 27,000 ",400m, 17.4 ,,Summer 2019: Increase service 09:00-11:00 from every 30 to 20 mins (Sat),0,0,0,0,0,0,0,0
041,41,JOYCE STN/CROWN/UBC,Vancouver/UBC,Std. Bus,All Day Frequent," 93,000 "," 31,000 ",400m, 16.1 ,,- Summer 2016: Remove one trip per hour 07:00-10:00 and 16:00-19:00 (M-F),- Fall 2018: Decrease service 09:00-15:00 from every 6-9 to 7-10 min (M-F),Summer 2019: Increase service 18:00-20:00 from every 12 to 10-12 mins and 20:00-21:00 from every 15 to 12 mins (Sat); Increase service 18:00-19:00 from every 12 to 10 mins (S/H),0,0,0,0,0,0
042,42,ALMA/SPANISH BANKS,Vancouver/UBC,Mini-Bus,Special," 8,000 "," 2,000 ",400m,, Route is summer seasonal only ,- Spring 2016: Truncate route to Spanish Banks (from UBC); Increase service to every 30 min (Sat & S/H),- Spring 2018: Change route name from C19 to 42 (all days),0,0,0,0,0,0,0
043,43,JOYCE STN/UBC,Vancouver/UBC,Artic. Bus,Peak Frequent," 72,000 "," 30,000 ",400m, 18.9 ,,- Summer 2016: Add one trip per hour 07:00-10:00 and 16:00-19:00 (M-F); Adjust stopping pattern to improve travel times (all days),- Fall 2017: Introduce 15-min service during midday 09:00-15:00 (M-F),"- Fall 2018: Increase service during a.m. peak from every 8-30 to 7-20 min, 09:00-15:00 from every 15 to 10 min, and during p.m. peak from every 10 to 9 min  (M-F); Introduce new service span 19:00-21:00 every 15 min and 21:00-22:00 every 30 min (M-F)",Summer 2019: Convert not in service EB trips departing UBC 21:00-22:30 to in service trips (M-F),0,0,0,0,0
044,44,UBC/DOWNTOWN,Vancouver/UBC,Artic. Bus,Peak Frequent," 80,000 "," 139,000 ",400m, 12.0 ,,- Summer 2018: Remove five stops within downtown Vancouver to make route express/limited stop (all days),0,0,0,0,0,0,0,0
049,49,METROTOWN STN/DUNBAR LOOP/UBC,Vancouver/UBC,Artic. Bus,All Day Frequent," 95,000 "," 37,000 ",400m, 20.5 ,,- Spring 2015: Extend all midday trips to UBC (M-F),- Summer 2016: Remove Champlain Heights route deviation to travel on 49th Ave between Kerr and Tyne (all days),"- Fall 2016: Convert vehicle from conventional 40' bus to articulated 60' bus (all days); Extend all trips to UBC (all days); Reduce service to every 12 min (Sat, S/H)","- Fall 2017: Increase service 06:00-19:00 from every 6-15 to 5-12 min (M-F); Reroute service near Metrotown for single direction around Imperial, Central, and Willingdon (all days)",Summer 2019: Add one WB trip around 08:00 (M-F),Fall 2019: Increase service EB 05:00-06:00 from every 12 to 5-6 mins (M-F); Increase service 07:30-08:00 from every 15 to 7-12 mins and 14:00-17:00 from every 12 to 10 mins (Sat),0,0,0
068/070,68/70,UBC EXCH/WEST MALL– WESBROOK MALL,Vancouver/UBC,Mini-Bus,Standard," 17,000 "," 18,000 ",400m, 3.7 , 068/070 run as a connected loop; Limited data sampling 2015 ,"- Spring 2018: Introduce new routes, route 068 replaces eastern portion of C18 and C20 between UBC Exchange and Thunderbird Blvd/Larkin Dr, route 070 replaces western portion of C18 and C20 between UBC exchange and Thunderbird Blvd/Eagles Dr (all days)",0,0,0,0,0,0,0,0
084,84,UBC/VCC-CLARK STN,Vancouver/UBC,Std. Bus,Peak Frequent," 73,000 "," 66,000 ",400m, 13.7 ,,- Fall 2017: Increase service during a.m./p.m. peak from every 7-12 to 6-10 min (M-F),Spring 2019: Extend service to start at 7:05 and end at 21:45 (Sat); Extend service to start at 08:00 and end at 20:15 (S/H),Summer 2019: Increase service 18:00-19:00 from every 30 to 20 mins (Sat),0,0,0,0,0,0
095,95,SFU/BURRARD STN (B-LINE),Burnaby/New Westminster,Artic. Bus,All Day Frequent," 80,000 "," 136,000 ",400m, 17.8 , Data reflects former 135 route up to Dec 2016 ,- Winter 2016: Introduce new 5-15 min B-Line service with limited stops along former 135 route,"- Winter 2017: Extend one morning trip to SFU to close gap with N35 (all days); Increase service 07:00-09:00 from 5-6 to 4.5-5 min, 16:00-19:00 from 7.5-12 to 6-8.5 min, and 19:00-23:00 from 15 to 12 min (M-F); Increase service 16:00-25:00 from 12-20 to 10-15 min (Sat); Increase service 09:00-14:00 from 15 to 12 min (S/H); Introduce all-door boarding (all days)",Summer 2019: Increase service 14:00-21:00 from every 15 to 12 mins and 21:00-22:00 from every 20 to 15 mins (S/H),0,0,0,0,0,0
096,96,GUILDFORD EXCH/NEWTON EXCH (B-LINE),Southeast,Artic. Bus,All Day Frequent," 60,000 "," 29,000 ",400m, 10.8 ,,- Winter 2017: Introduce all-door boarding,0,0,0,0,0,0,0,0
099,99,COMMERCIAL-BROADWAY STN/UBC (B-LINE),Vancouver/UBC,Artic. Bus,All Day Frequent," 90,000 "," 66,000 ",400m, 14.1 ,,"- Winter 2017: Increase service 07:00-11:00 from every 6-12 to 5.5-10 min, 15:00-19:00 from every 6-7.5 to 5.5-7 min, and 22:00-23:00 from every 10 to 8.5 min (Sat); Increase service 07:00-11:00 from every 7.5-15 to 7.5-12 min and 13:00-19:00 from every 10 to 8.5 min (S/H)",Fall 2019: Increase service 17:00-20:00 from every 6-8 to 5-6 mins (Sat),0,0,0,0,0,0,0
100,100,22ND ST STN/MARPOLE,Vancouver/UBC,Std. Bus,All Day Frequent," 52,000 "," 16,000 ",400m, 15.4 ,,- Summer 2015: Increase service during a.m./p.m. peaks from every 12 to 10 min (M-F),"- Fall 2018, Increase service during a.m./p.m. peaks from every 9 to 7 min (M-F)",Summer 2019: Extend all morning trips between Marine Drive Station and 22nd Street Station (M-F); Increase service 7:00-19:00 from every 15 to 12 mins (Sat); Extend service to 22nd Street between 18:30-21:00 (S/H),Fall 2019: Introduce battery electric bus trial on route,0,0,0,0,0
101,101,LOUGHEED STN/22ND ST STN,Burnaby/New Westminster,Std. Bus,Standard," 71,000 "," 18,000 ",400m, 11.3 ,,Summer 2019: Extend all trips from Lougheed Town Centre Station to 22nd Street Station (M-F); Increase service 05:30-07:00 from every 30 to 20 mins (M-F),0,0,0,0,0,0,0,0
103,103,QUAYSIDE/VICTORIA HILL,Burnaby/New Westminster,Mini-Bus,All Day Frequent," 23,000 "," 7,000 ",400m, 4.2 , Data reflects service redesign in Apr 2016; Previously both C3 and C8 ,- Spring 2016: Discontinue C8 (Quayside) and merge with C3; Revise eastern terminus to Victoria Hill,- Spring 2016: Increase service during a.m./p.m. peak  from every 15 to 12 min btw New West Stn and Victoria Hill (M-F); Increase service 07:00-21:00 (Sat) and 08:00-20:00 (S/H) from every 30 to 15 min btw New West Stn and Victoria Hill,- Spring 2016: Discontinue service btw New West Stn and Quayside after 21:00 (all days),- Spring 2017: Extend 30-min service until 24:00 (all days),- Winter 2017: Operate route by CMBC from contractor (all days),- Spring 2018: Increase service during a.m./p.m. peaks from every 12 to 10 min (M-F),- Fall 2018: Change route name from C3 to 103,,0
104,104,22ND ST STN/ANNACIS ISLAND,Southeast,Std. Bus,Peak Frequent," 11,000 "," 13,000 ",400m, 10.5 ,,- Spring 2016: Add one bus during a.m./p.m. peaks for Pattullo Bridge Rehabilitation (M-F),- Fall 2016: Return to regular service levels after Pattullo Bridge Rehabilitation (remove one bus during a.m./p.m. peaks M-F),- Fall 2018: Extend service in Queensborough until 25:00 from of 20:00 (all days),Summer 2019: Increase service 14:00-15:00 from 15 to 12 mins (M-F),0,0,0,0,0
105,105,UPTOWN/NEW WEST STN,Burnaby/New Westminster,Mini-Bus,Standard," 33,000 "," 12,000 ",400m, 6.5 ,,"- Spring 2016: Revise route to connect to Royal Square via 2nd St, 6th Ave, Cumberland St, and 8th Ave (all days)",- Spring 2017: Extend 30-min service until 24:00 (all days),- Winter 2017: Operate route by CMBC from contractor (all days),- Fall 2018: Change route name from C4 to 105 (all days),0,0,0,0,0
106,106,NEW WEST STN/EDMONDS STN,Burnaby/New Westminster,Std. Bus,All Day Frequent," 51,000 "," 14,000 ",400m, 11.5 , Data reflects split with 119 in Dec 2017 ,"- Winter 2017: Split 106 at Edmonds Station, this route serves Edmonds Station to New Westminster Station (rest served by 119; all days)",0,0,0,0,0,0,0,0
109,109,NEW WEST STN/LOUGHEED STN,Burnaby/New Westminster,Mini-Bus,Basic," 41,000 "," 19,000 ",400m, 7.2 ,,- Spring 2016: Reroute southbound C9 service via Richmond St and Jamieson Ct (all days),- Fall 2016: Temporary reroute to provide coverage on Richmond and Cumberland St until bus-only turn signal is active (all days),- Spring 2017: Reroute via Cumberland from Columbia (all days),- Fall 2018: Change route name from C9 to 109 (all days),0,0,0,0,0
110,110,LOUGHEED STN/METROTOWN STN,Burnaby/New Westminster,Std. Bus,Standard," 70,000 "," 32,000 ",400m, 16.7 ,,0,0,0,0,0,0,0,0,0
112,112,EDMONDS STN/NEW WEST STN,Burnaby/New Westminster,Std. Bus,Standard," 93,000 "," 29,000 ",400m, 5.0 ,,Fall 2019: Increase service 07:00-08:00 from every 15 to 12 mins (M-F),0,0,0,0,0,0,0,0
116,116,EDMONDS STN/METROTOWN STN,Burnaby/New Westminster,Std. Bus,Standard," 50,000 "," 29,000 ",400m, 15.0 ,,"- Fall 2017: Reroute service near Metrotown for single direction around Imperial, Central, and Willingdon",- Fall 2018: Increase service during a.m. peak from every 15-30 to 12-20 min (M-F),- Winter 2018: Increase service 15:00-17:00 from every 20 to 15 min (M-F),Spring 2019: Extend service to start at 6:45 (Sat),Fall 2019: Increase service 08:00-09:00 from every 20 to 15-20 mins (M-F),0,0,0,0
119,119,EDMONDS STN/METROTOWN STN,Burnaby/New Westminster,Std. Bus,All Day Frequent," 61,000 "," 22,000 ",400m,, Data reflects split with 106 in Dec 2017; See 106 for earlier data ,"- Winter 2017: Split 106 at Edmonds Station, this route serves Edmonds Station to Metrotown Station (rest served by 106; all days)",- Spring 2018: Increase service to meet level prior to 106/119 route split (all days),0,0,0,0,0,0,0
123,123,NEW WEST STN/BRENTWOOD STN,Burnaby/New Westminster,Std. Bus,All Day Frequent," 55,000 "," 31,000 ",400m, 10.9 ,,- Fall 2018: Increase service during p.m. peak from every 12 to 10 min (M-F),Summer 2019: Increase service 18:00-19:00 from every 12 to 10 mins (M-F),,0,0,0,0,0,0
125,125,PATTERSON STN/BCIT,Burnaby/New Westminster,Std. Bus,Peak Only Limited," 23,000 "," 17,000 ",400m, 3.7 ,,0,0,0,0,0,0,0,0,0
128,128,BRAID STN/22ND STREET STN,Burnaby/New Westminster,Std. Bus,Standard," 26,000 "," 6,000 ",400m, 7.0 ,,- Winter 2017: Increase service 09:00-15:00 from every 30 to 20 min (M-F),0,0,,0,0,0,0,0
129/133,129/133,PATTERSON STN/HOLDOM STN/EDMONDS STN,Burnaby/New Westminster,Std. Bus,Peak Frequent," 108,000 "," 45,000 ",400m, 20.4 , 129/133 run as a connected route ,- Summer 2015: Revise western terminus from Metrotown Station to Patterson Station for station upgrades,"- Spring 2018, Split 129 at Holdom Station; Route 129 now serves Holdom Station to Patterson Station and 133 serves Holdom Station to Edmonds Station (all days)",0,0,0,0,0,0,0
130,130,METROTOWN STN/KOOTENAY/PHIBBS EXCH/CAPILANO U,Burnaby/New Westminster,Std. Bus,All Day Frequent," 71,000 "," 38,000 ",400m, 9.3 ,,- Fall 2017: Increase service during a.m./p.m. peaks from every 7-8 to 6-7 min (M-F); Increase service 18:00-22:00 from every 15-20 to 12-15 min (Sat),- Winter 2017: Increase service 21:00-22:00 from every 20 to 15 min (Sat),0,0,0,0,0,0,0
131,131,HASTINGS AT GILMORE/KOOTENAY LOOP,Burnaby/New Westminster,Mini-Bus,Basic," 19,000 "," 4,000 ",400m, 4.5 ,,- Spring 2018: Change route name from C1 to 131 (all days),0,,0,0,0,0,0,0
132,132,CAPITOL HILL/HASTINGS AT GILMORE,Burnaby/New Westminster,Mini-Bus,Basic," 13,000 "," 3,000 ",400m, 3.7 ,,- Spring 2018: Change route name from C2 to 132 (all days),0,0,0,0,0,0,0,0
134,134,LAKE CITY STN/BRENTWOOD STN,Burnaby/New Westminster,Std. Bus,Standard," 38,000 "," 11,000 ",400m, 12.1 ,,0,0,0,0,0,0,0,0,0
136,136,LOUGHEED STN/BRENTWOOD STN,Burnaby/New Westminster,Std. Bus,Standard," 54,000 "," 22,000 ",400m, 13.7 ,,0,0,0,0,0,0,0,0,0
143,143,BURQUITLAM STN/SFU,Northeast Sector,Artic. Bus,Peak Frequent," 21,000 "," 3,000 ",400m, 7.0 , Data reflects Evergreen Extension changes in Dec 2016 ,- Winter 2016: Reroute due to Evergreen Extension; Maintain service btw Burquitlam Stn and SFU; Discontinue segment btw Burquitlam Stn and Coquitlam Central Stn to be served by 151 (all days),0,0,0,0,0,0,0,0
144,144,SFU/METROTOWN STN,Burnaby/New Westminster,Std. Bus,Peak Frequent," 57,000 "," 22,000 ",400m, 17.9 ,,Summer 2019: Increase service 17:00-20:00 from every 30 to 20 mins (Sat),0,0,0,0,0,0,0,0
145,145,SFU/PRODUCTION STN,Burnaby/New Westminster,Artic. Bus,All Day Frequent," 7,000 "," 6,000 ",400m, 8.0 ,,"- Fall 2018: Decrease service 07:00-11:00 from every 3-6 to 4-5 min, increase service 11:00-16:00 from every 8 to 6-7 min (M-F); Introduce all-door boarding  at SFU tunnel (all days)",0,0,0,0,0,0,0,0
146,146,METROTOWN STN/SUNCREST,Burnaby/New Westminster,Mini-Bus,Standard," 31,000 "," 15,000 ",400m, 3.1 , Limited data sampling 2015 ,- Fall 2018: Change route name from C6 to 146 (all days),0,0,0,0,0,0,0,0
147,147,METROTOWN STN/EDMONDS STN,Burnaby/New Westminster,Mini-Bus,Peak Frequent," 54,000 "," 18,000 ",400m, 6.6 , Limited data sampling 2015 ,- Winter 2017: Increase service 06:00-08:30 EB from every 30 to 15 min (M-F),- Fall 2018: Change route name from C7 to 147 (all days),0,0,0,0,0,0,0
148,148,ROYAL OAK STN/EDMONDS STN,Burnaby/New Westminster,Mini-Bus,Peak Frequent," 35,000 "," 8,000 ",400m, 6.2 , Limited data sampling 2015 ,- Winter 2017: Increase service 06:00-09:00 EB from every 30 to 15 min (M-F),- Fall 2018: Change route name from C5 to 148 (all days),0,0,0,0,0,0,0
150,150,COQUITLAM CENTRAL STN/WHITE PINE BEACH,Northeast Sector,Std. Bus,Special," 23,000 "," 11,000 ",400m,, Route is summer seasonal only; No data 2015-2016; Low data sampling on Saturdays 2018 ,0,0,0,0,0,0,0,,
151,151,COQUITLAM CENTRAL STN/BURQUITLAM STN,Northeast Sector,Std. Bus,Standard," 43,000 "," 15,000 ",400m, 8.9 , Data reflects Evergreen Extension changes in Dec 2016 ,- Winter 2016: Reroute due to Evergreen Extension; Reroute btw Burquitlam Stn and Coquitlam Central Stn via Como Lake Ave to serve discontinued 143 segment; Discontinue service south of Como Lake Ave to be served by 157 (all days),,0,0,0,0,0,0,0
152,152,COQUITLAM CENTRAL STN/LOUGHEED STN,Northeast Sector,Std. Bus,Peak Frequent," 45,000 "," 17,000 ",400m, 11.9 ,,0,0,0,0,0,0,0,0,0
153,153,COQUITLAM CENTRAL STN/BRAID STN,Northeast Sector,Std. Bus,Peak Frequent," 29,000 "," 13,000 ",400m, 11.5 , Data reflects Evergreen Extension changes in Dec 2016 ,- Winter 2016: Reroute due to Evergreen Extension; Extend terminus from Poirier Community Centre to Coquitlam Central Stn (all days),- Spring 2017: Increase service during a.m./p.m. peaks from every 30 to 15 min (M-F),- Fall 2018: Convert vehicle from community shuttle to standard 40' bus (M-F),0,0,0,0,0,0
155,155,BRAID STN/22ND STREET STN,Burnaby/New Westminster,Std. Bus,Standard," 31,000 "," 14,000 ",400m, 7.5 ,,0,0,0,0,0,0,0,0,0
156,156,BRAID STN/LOUGHEED STN,Northeast Sector,Std. Bus,Basic," 49,000 "," 13,000 ",400m, 15.0 ,,- Winter 2016: Revise due to Evergreen Extension; Add additional stop at new Burquitlam Stn (all days),0,0,0,0,0,0,0,0
157,157,BURQUITLAM STN/LOUGHEED STN,Northeast Sector,Mini-Bus,Standard," 41,000 "," 10,000 ",400m, 10.9 , Data reflects Evergreen Extension changes in Dec 2016 ,- Winter 2016: Reroute due to Evergreen Extension; Extend terminus from Winslow Ave to Burquitlam Stn via Foster Ave and Cottonwood Ave to serve discontinued 151 route (all days),0,0,0,0,0,0,0,0
159,159,COQUITLAM CENTRAL STN/BRAID STN,Northeast Sector,Std. Bus,Basic," 33,000 "," 28,000 ",400m, 18.3 , Data reflects Evergreen Extension changes in Dec 2016 ,- Winter 2016: Revise due to Evergreen Extension; Run all trips via Pitt River Rd; Discontinue alternate pattern via Meridian Industrial to be served by 175 (all days),- Fall 2017: Extend service to Coquitlam Central Stn from Port Coquitlam Stn (all days),- Fall 2018: Extend trips at WCE times into Port Coquitlam Stn (M-F),0,0,0,0,0,0
160,160,PORT COQUITLAM STN/KOOTENAY LOOP,Northeast Sector,Std. Bus,All Day Frequent," 78,000 "," 25,000 ",400m, 25.7 , Data reflects Evergreen Extension changes in Dec 2016 ,- Winter 2016: Reroute due to Evergreen Extension; Shorten WB terminus from Burrard Stn to Kootenay Loop; Run all trips via Guildford Way pattern and discontinue pattern via Barnet Hwy to be served by 184 and 185 (all days),"- Summer 2017: Increase service 06:00-21:00 (M-F), 07:00-21:00 (Sat), and 08:00-21:00 (S/H) to every 15 min to make route part of FTN",0,0,0,0,0,0,0
169,169,COQUITLAM CENTRAL STN/BRAID STN,Northeast Sector,Mini-Bus,Standard," 17,000 "," 16,000 ",400m, 11.3 , Data reflects Evergreen Extension changes in Dec 2016 ,- Winter 2016: Reroute due to Evergreen Extension; Run all trips via Riverview Hospital Grounds pattern and discontinue pattern via Lougheed Hwy (all days),- Fall 2018: Convert vehicle from standard 40' bus to community shuttle (M-F),0,0,0,0,0,0,0
170,170,PORT COQUITLAM STN/PORT COQUITLAM SOUTH,Northeast Sector,Mini-Bus,Peak Frequent," 17,000 "," 5,000 ",400m, 4.1 ,,- Winter 2016: Revise due to Evergreen Extension; Renumber former C36 as new 170 (all days),0,0,0,0,0,0,0,0
171/172,171/172,COQUITLAM CENTRAL STN/FREMONT–RIVERSIDE,Northeast Sector,Mini-Bus,Basic," 33,000 "," 14,000 ",,, 171/172 run as a connected route; Data reflects Evergreen changes in Dec 2016 ,- Winter 2016: Reroute due to Evergreen Extension; Reroute southern portion of former C37 as new 171 via Lougheed Hwy btw Coquitlam Central Stn and Fremont Village (all days),- Winter 2016: Reroute due to Evergreen Extension; Reroute northern portion of former C37 as new 172 via Shaughnessy and Prairie btw Coquitlam Central Stn and Fremont Village (all days),- Summer 2017: Increase service during a.m./p.m. peaks from every 30 to 15 min (M-F),0,0,0,0,0,0
173/174,173/174,COQUITLAM CENTRAL STN/CEDAR–ROCKLIN,Northeast Sector,Mini-Bus,Basic," 40,000 "," 15,000 ",,, 173/174 run as a connected route; Data reflects Evergreen changes in Dec 2016 ,- Winter 2016: Reroute due to Evergreen Extension; Reroute southern portion of former C38 as new 173 btw Coquitlam Central Stn and Cedar Dr (all days),- Winter 2016: Reroute due to Evergreen Extension; Reroute northern portion of former C38 as new 174 btw Coquitlam Central Stn and Rocklin Dr (all days),- Summer 2017: Increase service during a.m./p.m. peaks from every 30 to 15 min (M-F),0,0,0,0,0,0
175,175,COQUITLAM CENTRAL STN/MERIDIAN,Northeast Sector,Mini-Bus,Peak Only Limited," 20,000 "," 19,000 ",400m, 7.9 , Data reflects Evergreen Extension changes in Dec 2016; Low data sampling 2016 ,- Winter 2016: Reroute due to Evergreen Extension; Extend WB terminus of former C40 as new 175 from Port Coquitlam Stn to Coquitlam Central Stn (all days),0,0,0,0,0,0,0,0
179,179,COQUITLAM CENTRAL STN/BUNTZEN LAKE,Northeast Sector,Mini-Bus,Special," 25,000 "," 12,000 ",,, This route is summer seasonal only; Data reflects Evergreen changes in Dec 2016 ,0,0,0,0,0,0,0,0,0
180,180,MOODY CENTRE STN/LOUGHEED STN,Northeast Sector,Mini-Bus,Peak Frequent," 37,000 "," 10,000 ",400m, 9.6 ,,- Winter 2016: Revise due to Evergreen Extension; Renumber former C24 as new 180; Convert peak trips to standard 40' buses (M-F),- Spring 2017: Increase service 09:00-15:00 from every 30 to 15 min (M-F),- Summer 2017: Increase service 19:00-21:00 from every 30 to 20 min (M-F); Increase service 11:00-18:00 from every 30 to 20 min and 21:00-24:00 from every 60 to 30 min (Sat; S/H),0,0,0,0,0,0
181,181,MOODY CENTRE STN/IOCO,Northeast Sector,Mini-Bus,Basic," 13,000 "," 5,000 ",400m, 8.3 ,,- Winter 2016: Revise due to Evergreen Extension; Renumber former C25 as new 181 (all days),Fall 2018: Increase service during midday from every 60 to 40 min (M-F),0,0,0,0,0,0,0
182,182,MOODY CENTRE STN/BELCARRA,Northeast Sector,Mini-Bus,Basic," 17,000 "," 6,000 ",400m, 19.5 , Data reflects Evergreen Extension changes in Dec 2016 ,- Winter 2016: Reroute due to Evergreen Extension; Renumber former C26 as new 182; Run all trips via Ravine Dr pattern and discontinue Heritage Mountain Blvd pattern (all days),- Spring 2017: Increase service 09:00-15:00 from every 60 to 30 min (M-F),Spring 2019: Increase service 18:00-19:00 from every 60 to 30 min (M-F),0,0,0,0,0,0
183,183,MOODY CENTRE STN/COQUITLAM CENTRAL STN,Northeast Sector,Std. Bus,Peak Frequent," 52,000 "," 15,000 ",400m, 13.3 , Data reflects Evergreen Extension changes in Dec 2016 ,- Winter 2016: Reroute due to Evergreen Extension; Reroute former C27 as new 183 via Pinetree Way and discontinue routing via Lansdowne Dr and Guildford Way to be served by 185 (all days),- Summer 2017: Increase service during a.m./p.m. peaks from every 20 to 15 min to meet WCE (M-F),"- Winter 2017: Convert vehicle from standard 40' bus to community shuttle before 06:00 and after 20:00 (M-F) and after 20:00 (Sat, S/H)",0,0,0,0,0,0
184/185,184/185,MOODY CTR STN/NOONS CREEK – COQ CTRL STN/LANSDOWNE,Northeast Sector,Mini-Bus,Peak Frequent," 34,000 "," 14,000 ",,, 184/185 run as a connected route; Data reflects Evergreen changes in Dec 2016 ,- Winter 2016: Reroute due to Evergreen Extension; Reroute western portion of former C28 as new 184 via Noons Creek Dr (all days),- Winter 2016: Reroute due to Evergreen Extension; Reroute central portion of former C28 as new 185 via Lansdowne Dr to service discontinued portion of C27 (all days),- Spring 2017: Extend WB a.m. service to meet 06:15 WCE train (M-F),0,0,0,0,0,0
186,186,COQUITLAM CENTRAL STN/HAMPTON PARK,Northeast Sector,Mini-Bus,Peak Frequent," 33,000 "," 10,000 ",400m, 6.4 , Data reflects Evergreen Extension changes in Dec 2016 ,- Winter 2016: Reroute due to Evergreen Extension; Reroute eastern portion of former C28 as new 186 btw Coquitlam Central Stn and Hampton Park (all days),- Summer 2017: Introduce short-turn trips at Pipeline and Robson during a.m./p.m. peaks to meet WCE (M-F),0,0,0,0,0,0,0
187,187,COQUITLAM CENTRAL STN/PARKWAY BLVD,Northeast Sector,Mini-Bus,Peak Frequent," 26,000 "," 9,000 ",400m, 6.1 ,,- Winter 2016: Revise due to Evergreen Extension; Renumber former C29 as new 187 (all days),- Summer 2017: Introduce short-turn trips at Robson and Waterford during a.m./p.m. peak to meet WCE (M-F),0,0,0,0,0,0,0
188,188,COQUITLAM CENTRAL STN/PORT COQ STN,Northeast Sector,Std. Bus,Peak Frequent," 54,000 "," 16,000 ",400m, 12.6 ,,- Winter 2016: Revise due to Evergreen Extension; Convert all vehicles to standard 40' buses (all days),0,0,0,0,0,0,0,0
189,189,COQUITLAM CENTRAL STN/LAFARGE PARK,Northeast Sector,Mini-Bus,Standard," 18,000 "," 8,000 ",400m, 4.1 ,,- Winter 2016: Reroute due to Evergreen Extension; Reroute former C30 as new 189 via Lincoln Ave and discontinue route via Glen Dr (all days),0,0,0,0,0,0,0,0
191,191,COQUITLAM CENTRAL STN/PRINCETON,Northeast Sector,Std. Bus,Standard," 34,000 "," 9,000 ",400m, 7.2 , New route to Burke Mountain Dec 2016 ,- Winter 2016: Introduce new 30-min service btw Coquitlam Central Stn and Burke Mountain via Pinetree Way and David Ave (all days),0,0,0,0,0,0,0,0
209,209,UPPER LYNN VALLEY/VANCOUVER,North Shore,Std. Bus,Special," 79,000 "," 125,000 ",400m, 16.5 ,,0,0,0,0,0,0,0,0,0
210,210,UPPER LYNN VALLEY/VANCOUVER,North Shore,Std. Bus,Peak Frequent," 73,000 "," 120,000 ",400m, 16.5 ,,Summer 2019: Increase service 18:00-19:00 from every 30 to 20 mins (Sat),0,0,0,0,0,0,0,0
211,211,SEYMOUR/PHIBBS EXCH/VANCOUVER,North Shore,Std. Bus,Peak Frequent," 65,000 "," 120,000 ",400m, 16.0 ,,0,0,,0,0,0,0,0,0
212,212,DEEP COVE/PHIBBS EXCH,North Shore,Std. Bus,Standard," 11,000 "," 6,000 ",400m, 8.8 ,,0,0,0,0,0,0,0,0,0
214,214,BLUERIDGE/PHIBBS EXCH/VANCOUVER,North Shore,Mini-Bus,Standard," 59,000 "," 118,000 ",400m, 6.9 ,,0,0,0,0,0,0,0,0,0
215,215,INDIAN RIVER/PHIBBS EXCH,North Shore,Mini-Bus,Peak Frequent," 11,000 "," 6,000 ",400m, 7.1 , Limited data sampling 2015 ,- Spring 2018: Change route name from C15 to 215 (all days),0,0,0,0,0,0,0,0
227,227,LYNN VALLEY CENTRE/PHIBBS EXCH,North Shore,Mini-Bus,Standard," 18,000 "," 7,000 ",400m, 7.1 , Limited data sampling 2015 ,0,0,0,0,0,0,0,0,0
228,228,LYNN VALLEY/LONSDALE QUAY,North Shore,Std. Bus,Peak Frequent," 37,000 "," 9,000 ",400m, 7.8 ,,- Winter 2018: Extend 07:15 SB trip from Grand Boulevard to Lonsdale Quay (M-F),0,0,0,0,0,0,0,0
229,229,LYNN VALLEY/LONSDALE QUAY,North Shore,Std. Bus,Standard," 48,000 "," 15,000 ",400m, 6.2 ,,- Spring 2018: Increase service 13:00-20:00 from every 30 to 20 min and 21:00-24:00 from every 60 to 30 min (Sat); Increase service 14:00-20:00 from every 30 to 20 min and 21:00-24:00 from every 60 to 30 min (S/H),"- Fall 2018: Increase service 14:00-16:00 from every 30 to 20 min, 16:00-18:00 from every 30 to 15 min, and 21:00-24:00 from every 60 to 30 min (M-F)",Spring 2019: Extend service until 01:54 (Sat),0,0,0,0,0,0
230,230,UPPER LONSDALE/LONSDALE QUAY,North Shore,Std. Bus,Standard," 39,000 "," 13,000 ",400m, 5.7 ,,0,0,0,0,0,0,0,0,0
231,231,HARBOURSIDE/LONSDALE QUAY,North Shore,Std. Bus,Peak Only Limited," 9,000 "," 10,000 ",400m, 2.8 ,,0,0,0,0,0,0,0,0,0
232,232,GROUSE MOUNTAIN/PHIBBS EXCH,North Shore,Std. Bus,Standard," 45,000 "," 15,000 ",400m, 13.3 ,,0,0,0,0,0,0,0,0,0
236,236,GROUSE MOUNTAIN/LONSDALE QUAY,North Shore,Std. Bus,Standard," 26,000 "," 13,000 ",400m, 9.6 ,,0,0,0,0,0,0,0,0,0
239,239,CAPILANO UNIVERSITY/PARK ROYAL,North Shore,Std. Bus,All Day Frequent," 39,000 "," 26,000 ",400m, 13.2 ,,- Fall 2018: Reroute trips after 13:00 to run on Lillooet Rd instead of Old Lillooet Rd (M-F),,0,0,0,0,0,0,0
240,240,15TH STREET/VANCOUVER,North Shore,Std. Bus,All Day Frequent," 90,000 "," 137,000 ",400m, 12.5 ,,- Fall 2017: Increase service during a.m. peak from every 9-15 to 8-12 min and during p.m. peak from every 10 to 9 min (M-F); Increase service 13:00-18:00 from every 12 to 10 min (Sat),Spring 2019: Increase service 11:00-13:00 from every 15 to 12 mins (Sat),Summer 2019: Increase service 22:00-23:00 from every 30 to 20 mins (M-F); Increase service 15:00-18:00 from every 15 to 12 mins (S/H),0,0,0,0,0,0
241,241,UPPER LONSDALE/VANCOUVER,North Shore,Std. Bus,Peak Only Limited," 95,000 "," 138,000 ",400m, 11.7 ,,0,0,0,0,0,0,0,0,0
242,242,LYNN VALLEY/VANCOUVER,North Shore,Std. Bus,Special," 123,000 "," 147,000 ",400m, 13.1 ,,- Summer 2016: Revise northern terminus from Upper Lonsdale to Lynn Valley to match N24 routing (all days),0,0,0,0,0,0,0,0
246/249,246,LONSDALE QUAY/DELBROOK - HIGHLAND/DOWNTOWN,North Shore,Std. Bus,Peak Frequent," 99,000 "," 137,000 ",400m, 9.4 , 246/249 run as a connected route ,Fall 2019: Rename western portion of route to 246 Downtown/Highland; Rename eastern portion of route to 249 Lonsdale Quay/Delbrook,0,0,0,0,0,0,0,0
247,247,UPPER CAPILANO/GROUSE MOUNTAIN/VANCOUVER,North Shore,Std. Bus,Peak Only Limited," 78,000 "," 126,000 ",400m, 10.9 , Low data sampling 2015 ,- Winter 2018: Extend 16:05 NB trip from Montroyal Blvd to Grouse Mtn (M-F),0,0,0,0,0,0,0,0
250,250,HORSESHOE BAY/DUNDARAVE/VANCOUVER,North Shore,Std. Bus,All Day Frequent," 86,000 "," 136,000 ",400m, 15.2 ,,- Spring 2017: Increase service 08:00-23:00 from every 9-30 to 8-15 min btw Dundarave and Downtown Vancouver (Sat),Spring 2019: Increase service 07:00-08:00 from every 30 to 20 mins and 14:00-18:00 from every 30 to 20 mins (M-F); Increase service 08:00-09:00 from every 30 to 20 mins (S/H),Spring 2019: Increase service 07:00-08:00 from every 8-10 to 7-10 mins on 250A (M-F); Increase service 17:00-18:00 from every 7-15 to 6-12 mins (M-F),0,0,0,0,0,0
251,251,QUEENS/PARK ROYAL,North Shore,Mini-Bus,Basic," 16,000 "," 10,000 ",400m, 9.8 , Limited data sampling 2015 ,0,0,0,0,0,0,0,0,0
252,252,INGLEWOOD/PARK ROYAL,North Shore,Mini-Bus,Basic," 15,000 "," 10,000 ",400m, 6.6 , Limited data sampling 2015 ,0,0,0,0,0,0,0,0,0
253,253,CAULFEILD/VANCOUVER/PARK ROYAL,North Shore,Std. Bus,Basic," 85,000 "," 135,000 ",400m, 13.5 , Low data sampling 2016 ,- Spring 2017: Increase service all day from every 120 to 60 min (S/H),0,0,0,0,0,0,0,0
254,254,BRITISH PROPERTIES/PARK ROYAL/VANCOUVER,North Shore,Std. Bus,Basic," 82,000 "," 133,000 ",400m, 10.0 , Low data sampling 2016 ,- Spring 2017: Increase service all day from every 120 to 60 min (S/H),0,0,0,0,0,0,0,0
255,255,DUNDARAVE/CAPILANO UNIVERSITY,North Shore,Std. Bus,Peak Frequent," 58,000 "," 27,000 ",400m, 16.5 ,,"- Spring 2017:, Increase service during a.m./p.m. peaks from every 30 to 20 min (M-F)",0,0,0,0,0,0,0,0
256,256,FOLKSTONE WAY/WHITBY ESTATE/SPURAWAY,North Shore,Mini-Bus,Basic," 18,000 "," 9,000 ",400m, 7.9 , Limited data sampling 2015 ,0,0,0,0,0,0,0,0,0
257,257,HORSESHOE BAY/VANCOUVER EXPRESS,North Shore,Artic. Bus,Standard," 63,000 "," 129,000 ",400m, 21.8 ,,- Summer 2016: Adjust stopping pattern to improve travel time,"- Summer 2017: Increase service 09:00-12:00 and 16:00-19:00 from every 15-30 to 15-20 min (M-F); Add 1 trip/hr during busy periods (Sat, S/H)",- Fall 2018: Introduce new service span 05:50-06:20 and 23:00-23:20 (all days); Provide consistent 20-min service from 07:00-20:00 (All days),Spring 2019: Extend service to start at 04:55 (Sat),0,0,0,0,0
258,258,UBC/WEST VANCOUVER,North Shore,Std. Bus,Peak Only Limited," 30,000 "," 54,000 ",400m, 18.8 , Low data sampling 2016-2018 ,0,0,0,0,0,0,0,0,0
262,262,LIONS BAY/CAULFEILD,North Shore,Mini-Bus,Basic," 3,000 "," 1,000 ",400m, 17.9 , Route combined with 259 in Oct 2018; Data reflects both starting Sep 2018; Limited data sampling 2015 ,- Spring 2018: Change route name from C12 to 262 (all days),- Winter 2018: Convert 259 trips to 262 schedule (M-F); 259 discontinued (M-F),0,0,0,0,0,0,0
280,280,BLUEWATER/SNUG COVE,North Shore,Mini-Bus,Basic," 1,000 "," 1,000 ",400m, 12.5 , No data sampling 2015-2017 ,- Spring 2017: Extend WB service until 20:00 (M-F),- Spring 2018: Change route name from C10 to 280 (all days),0,0,0,0,0,0,0
281,281,EAGLE CLIFF/SNUG COVE,North Shore,Mini-Bus,Basic," 1,000 ", -   ,400m, 6.6 , Data reflects split with 282 in summer 2018; No data sampling 2015-2017 ,- Spring 2017: Extend WB service until 20:00 (M-F),- Spring 2018: Change route name from C11 to 281 (all days),0,0,0,0,0,0,0
282,282,MT GARDNER/SNUG COVE,North Shore,Mini-Bus,Special," 1,000 ", -   ,400m,, Data reflects split with 281 in summer 2018; See 281 for earlier data ,"- Fall 2018: Introduce new route replacing Mt Gardner pattern of route 281 (Sat, S/H)",0,0,0,0,0,0,,
301,301,NEWTON EXCH/BRIGHOUSE STN,Southwest,Double Decker,Basic," 73,000 "," 27,000 ",400m, 30.8 ,,- Spring 2017: Increase service during a.m./p.m. peaks from every 20 to 15 min (M-F),-Fall 2019: Switch vehicle to double decker from standard bus (all days),Spring 2019: Increase service 06:00-20:00 from every 60 to 30 mins (Sat),Summer 2019: Increase service all day from every 60 to 30 mins (S/H),Fall 2019: Increase service 19:00-22:00 from every 60 to 30 mins (M-F); Introduce new double decker buses on route,0,0,0,0
310,310,SCOTTSDALE EXCH/LADNER EXCH,Southeast,Mini-Bus,Basic," 27,000 "," 6,000 ",400m, 19.5 ,,- Summer 2018: Change route name from C76 to 310 (all days),"- Winter 2018: Increase service 07:40-08:40 WB from every 60 to 30 min (Sat, S/H)",Spring 2019: Extend service to start at 06:45 (Sat) and 07:15 (S/H),0,0,0,0,0,0
311,311,SCOTTSDALE EXCH/BRIDGEPORT STN,Southeast,Std. Bus,Peak Only Limited," 21,000 "," 8,000 ",400m, 26.9 ,,0,0,0,0,0,0,0,0,0
312,312,SCOTTSDALE EXCH/SCOTT ROAD STN,Southeast,Std. Bus,Standard," 36,000 "," 7,000 ",400m, 11.9 ,,- Winter 2018: Add last SB trip at 01:34 (M-F),Spring 2019: Increase service 07:00-09:00 and 18:00-21:00 from every 60 to 30 mins (Sat),0,0,0,0,0,0,0
314,314,SURREY CENTRAL STN/SUNBURY,Southeast,Std. Bus,Basic," 60,000 "," 17,000 ",400m, 9.2 ,,0,0,0,0,0,0,0,0,0
316,316,SURREY CENTRAL STN/SCOTTSDALE EXCH,Southeast,Std. Bus,Basic," 56,000 "," 11,000 ",400m, 11.6 ,,0,0,0,0,0,0,0,0,0
319,319,SCOTT ROAD STN/NEWTON EXCH,Southeast,Std. Bus,All Day Frequent," 49,000 "," 16,000 ",400m, 12.0 ,,"- Spring 2017: Increase service during a.m./p.m. peak from every 8 to 7 min, 17:00-21:00 from every 10 to 9 min, 21:00-24:00 from every 20 to 15 min (M-F)",- Winter 2017: Increase service 06:00-07:00 NB from every 20 to 15 min (Sat),- Summer 2018: Increase service 17:00-23:00 from every 8-20 to 7-15 min (M-F),- Fall 2018: Increase service 17:00-25:00 from every 15-30 to 12-20 min (Sat),- Winter 2018: Add first NB trip at 04:33 (M-F); Increase service 05:00-07:30 from every 10-20 to 12 min (Sat),Spring 2019: Increase service 21:00-24:00 from every 30 to 15 mins (S/H),"Summer 2019: Increase service 17:00-23:30 from every 7.5-15 to 6-10 mins and 23:30-01:00 from every 30 to 20 mins (M-F); Increase service 06:00-09:00 from every 12 to 10 mins, 17:00-21:00 from every 15 to 10 mins (Sat); Increase service 13:00-20:00 from every 15 to 10-12 mins (S/H)",0,0
320,320,LANGLEY/FLEETWOOD/SURREY CTRL STN,Southeast,Std. Bus,All Day Frequent," 87,000 "," 43,000 ",400m, 15.6 ,,- Fall 2016: Reroute from 64th Ave to 60th Ave near Cloverdale (all days),- Fall 2018: Increase service 06:00-08:00 and 16:00-19:00 from every 15 to 12 min (M-F),0,0,0,0,0,0,0
321,321,WHITE ROCK CENTRE/NEWTON EXCH/SURREY CTRL STN,Southeast,Std. Bus,All Day Frequent," 105,000 "," 38,000 ",400m, 21.0 ,,- Fall 2018: Increase service 16:00-18:00 from every 15 to 12 min (M-F),Spring 2019: Extend service to start at 04:16 (M-F); Increase service 21:00-22:00 from 30 to 20 mins (M-F),0,0,0,0,0,0,0
322,322,NEWTON EXCH/SCOTTSDALE EXCH,Southeast,Mini-Bus,Standard," 57,000 "," 10,000 ",400m, 14.7 ,,- Summer 2018: Change route name from C75 to 322 (all days),0,0,0,0,0,0,0,0
323,323,NEWTON EXCH/SURREY CENTRAL STN,Southeast,Std. Bus,Peak Frequent," 46,000 "," 22,000 ",400m, 10.3 ,,- Winter 2017: Increase service 08:00-09:00 SB from every 15 to 12 min (M-F),"- Fall 2018: Increase service 06:00-08:00 from every 20 to 15 min, 16:00-19:00 from every 15 to 12 min, and 19:00-20:00 from every 30 to 20 min (M-F)",Spring 2019: Add early morning trips between 05:00-06:00 and late night trips between 00:00-02:00 (all days),"Summer 2019: Increase service 19:00-21:00 from every 30 to 15 mins, SB 21:00-22:00 from every 30 to 20 mins, and 22:00-23:00 from every 60 to 30 mins (M-F); Increase service 15:00-18:00 from every 20 to 15 mins (Sat); Increase service 16:00-19:00 from every 20 to 15 mins and SB 19:00-20:00 from every 30 to 20 mins (S/H)",0,0,0,0,0
324,324,NEWTON EXCH/SURREY CENTRAL STN,Southeast,Std. Bus,Standard," 48,000 "," 16,000 ",400m, 9.8 ,,Summer 2019: Increase service NB 05:00-07:00 from every 30 to 20 mins and SB 18:00-19:00 from every 20 to 15 mins (M-F),0,0,0,0,0,0,0,0
325,325,NEWTON EXCH/SURREY CENTRAL STN,Southeast,Std. Bus,Standard," 45,000 "," 14,000 ",400m, 7.5 ,,- Winter 2018: Add first trip at 05:35 (M-F),,0,0,0,0,0,0,0
326,326,GUILDFORD EXCH/SURREY CENTRAL STN,Southeast,Std. Bus,Basic," 66,000 "," 23,000 ",400m, 11.5 ,,0,0,0,0,0,0,0,0,0
329,329,SURREY CENTRAL STN/SCOTTSDALE EXCH,Southeast,Std. Bus,Basic," 65,000 "," 20,000 ",400m, 10.0 ,,0,0,0,0,0,0,0,0,0
335,335,NEWTON EXCH/SURREY CENTRAL STN,Southeast,Std. Bus,Peak Frequent," 106,000 "," 26,000 ",400m, 13.4 ,,- Summer 2015: Add two trips departing Surrey Central on the p.m. peak shoulder (M-F),- Summer 2015: Extend the 21:40 trip from Guildford to Newton Exchange (M-F),- Spring 2017: Increase service 16:00-18:00 from every 10 to 8-9 min btw Surrey Central and Guilford and from every 20 to 15 min btw Guilford and Newton (M-F); Increase service 16:00-20:00 (Sat) and 17:00-190:0 (S/H) from every 30 to 20 min; Extend 30m service until 24:00 (all days),- Fall 2018: Extend 14:30 trip to Newton Exchange (M-F),Spring 2019: Extend morning trips to the full length of the route (M-F),Summer 2019: Increase service 19:00-20:00 from every 30 to 20 mins (M-F); Increase service 18:00-20:00 from every 30 to 20 mins (Sat),0,0,0
337,337,FRASER HEIGHTS/GUILDFORD EXCH/SURREY CTRL STN,Southeast,Std. Bus,All Day Frequent," 49,000 "," 15,000 ",400m, 8.6 ,,- Winter 2017: Increase service 19:00-21:00 from every 30 to 15 min and 21:00-22:00 from every 30 to 20 min (M-F),- Spring 2018: Increase service 07:00-09:00 from every 30 to 15 min (Sat); Increase service 08:00-10:00 from every 30 to 15 min (Sun),- Fall 2018: Increase service 07:00-08:00 from every 15 to 12 min (M-F),0,0,0,0,0,0
340,340,SCOTTSDALE EXCH/22ND ST STN,Southeast,Std. Bus,Peak Frequent," 25,000 "," 9,000 ",400m, 16.1 ,,- Spring 2016: Add one bus/hour from 06:00-19:00 for Pattullo Bridge Rehabilitation (M-F),- Fall 2016: Return to regular service levels after Pattullo Bridge Rehabilitation (remove one bus/hour from 06:00-19:00; M-F),Summer 2019: Increase service 05:30-09:00 from every 30 to 20 mins and 16:00-19:00 from every 30 to 20 mins (Sat),0,0,0,0,0,0
341,341,GUILDFORD EXCH/NEWTON EXCH,Southeast,Std. Bus,Standard," 49,000 "," 13,000 ",400m, 9.1 , Data reflects split with 342 in Sep 2016 ,"- Fall 2016: Split 341 at Newton Exchange, this route operates btw Guildford and Newton Exchange (all days)",Summer 2019: Increase service SB 05:00-07:00 from every 30 to 20 mins (M-F),0,0,0,0,0,0,0
342,342,LANGLEY CENTRE/NEWTON EXCH,Southeast,Std. Bus,Standard," 53,000 "," 26,000 ",400m, 20.8 , Data reflects split with 341 in Sep 2016; See 341 for earlier data ,"- Fall 2016: Split 341 at Newton Exchange, this route operates btw Newton Exchange and Langley Ctr (all days)",Fall 2019: Increase service EB 15:00-16:00 from every 30 to 20 mins (M-F),0,0,0,0,0,0,0
345,345,KING GEORGE STN/WHITE ROCK CENTRE,Southeast,Std. Bus,Basic," 60,000 "," 26,000 ",400m, 20.1 ,,- Spring 2018: Convert vehicle on last 3 trips of the night from community shuttle to standard 40' bus (all days),Summer 2019: Increase service NB 05:00-06:00 from every 30 to 20 mins and NB 08:00-10:00 from every 30 to 20 mins (M-F),0,0,0,0,0,0,0
351,351,CRESCENT BEACH/BRIDGEPORT STN,Southeast,Std. Bus,All Day Frequent," 41,000 "," 16,000 ",400m, 44.2 ,,- Spring 2015: Add one trip departing Bridgeport Station on p.m. peak shoulder (M-F),- Summer 2015: Terminate two a.m. peak trips at White Rock Ctr to reduce service in Crescent Beach area (M-F),- Fall 2017: Increase service during a.m./p.m. peaks from every 9-15 to 8-12 min (M-F),- Winter 2017: Increase service 07:00-08:00 NB from every 8.5 to 7.5 min (M-F),- Fall 2018: Shorten SB trips 24:00-26:00 at 128 St/Crescent Rd unless further stop requested by customer (all days),"- Winter 2018,: Add 2 p.m. peak trips 18:00-19:00 btw South Surrey P&R and Bridgeport Stn (M-F)",Spring 2019: Increase service 08:00-10:00 from every 12 to 10 mins (M-F),0,0
352,352,OCEAN PARK /BRIDGEPORT STN,Southeast,Std. Bus,Peak Only Limited," 18,000 "," 5,000 ",400m, 44.8 ,,0,0,0,0,0,0,0,0,0
354,354,WHITE ROCK SOUTH/BRIDGEPORT STN,Southeast,Std. Bus,Peak Only Limited," 42,000 "," 19,000 ",400m, 41.0 , Data reflects new service area to Morgan Creek in Sep 2017 ,- Fall 2017: Reroute to serve Morgan Creek via 160th Street and 32nd Avenue (all days),0,0,0,0,0,0,0,0
360,360,OCEAN PARK/PEACE ARCH HOSPITAL,Southeast,Mini-Bus,Basic," 28,000 "," 8,000 ",400m, 12.2 ,,- Fall 2017: Renumber former C50 to new 360 (all days),- Spring 2017: Increase service 06:00-15:00 from every 60 to 30 min (M-F),0,0,0,0,0,0,0
361,361,OCEAN PARK/WHITE ROCK CENTRE,Southeast,Mini-Bus,Basic," 31,000 "," 10,000 ",400m, 11.2 ,,- Fall 2017: Renumber former C51 to new 361 (all days),- Spring 2017: Increase service 09:00-15:00 from every 60 to 30 min (M-F),0,0,0,0,0,0,0
362,362,SEASIDE/WHITE ROCK CENTRE,Southeast,Mini-Bus,Standard," 20,000 "," 8,000 ",400m, 3.5 ,,"- Fall 2017: Renumber former C52 to new 362 (all days); Maintain summer seasonal increase permanently 19:00-22:00 (M-F), 08:00-24:00 (Sat), 08:00-22:00 (S/H) from every 60 to 30 min ",- Spring 2017: Increase service 09:00-15:00 from every 60 to 30 min (M-F),0,0,0,0,0,0,0
363,363,SOUTHPOINT/PEACE ARCH HOSPITAL,Southeast,Mini-Bus,Standard," 38,000 "," 15,000 ",400m, 11.9 , Data reflects new service area to Morgan Creek in Sep 2017 ,- Fall 2017: Renumber former C53 to new 363; Reroute to Morgan Creek via 32nd Avenue (all days),- Spring 2017: Increase service 09:00-15:00 from every 60 to 30 min (M-F),0,0,0,0,0,0,0
364,364,LANGLEY CENTRE/SCOTTSDALE EXCH,Southeast,Std. Bus,Standard," 61,000 "," 23,000 ",400m, 21.7 ,,0,0,0,0,0,0,0,0,0
370,370,CLOVERDALE/WILLOWBROOK,Southeast,Mini-Bus,Basic," 31,000 "," 9,000 ",400m, 10.5 ,,- Winter 2017: Operate route by contractor (M-F),- Summer 2018: Change route name from C70 to 370 (all days),0,0,0,0,0,0,0
371,371,SURREY CENTRAL STN/SCOTT RD STN,Southeast,Mini-Bus,Basic," 28,000 "," 9,000 ",400m, 8.0 ,,- Spring 2018: Change route name from C71 to 371 (all days),0,0,0,0,0,0,0,0
372,372,CLAYTON HEIGHTS/LANGLEY CENTRE,Southeast,Mini-Bus,Standard," 29,000 "," 14,000 ",400m, 10.2 , New route to Clayton Heights starting Sep 2017 ,- Fall 2017: Introduce new 30-min service to Clayton Heights (all days),- Winter 2017: Introduce new service span 20:00-21:00 running every 30 min (S/H),0,0,0,0,0,0,0
373,373,GUILDFORD EXCH/SURREY CENTRAL STN,Southeast,Mini-Bus,Basic," 54,000 "," 16,000 ",400m, 13.6 ,,- Spring 2017: Increase service during p.m. peak from every 30 to 20 min (M-F),- Spring 2018: Change route name from C73 to 373 (all days),0,0,0,0,0,0,0
375,375,WHITE ROCK/WHITE ROCK SOUTH/GUILDFORD EXCH,Southeast,Std. Bus,Standard," 73,000 "," 25,000 ",400m, 22.2 ,,"- Spring 2017: Extend 60-min SB service until 22:48 (M-F, Sat)",0,0,0,0,0,0,0,0
388,388,22ND ST STN/CARVOLTH EXCH,Southeast,Std. Bus,Peak Only Limited," 44,000 "," 24,000 ",400m, 33.3 , Low data sampling 2015 ,- Spring 2016: Add one bus/hour during a.m./p.m. peaks for Pattullo Bridge Rehabilitation (M-F),- Fall 2016: Return to regular service levels after Pattullo Bridge Rehabilitation (remove one bus/hour during a.m./p.m. peaks; M-F),"- Winter 2018, Convert from community shuttle to standard 40' bus (all days)",0,0,0,0,0,0
391,391,SCOTTSDALE/SCOTT ROAD STN,Southeast,Std. Bus,Peak Only Limited," 33,000 "," 6,000 ",400m, 9.0 ,,0,0,0,0,0,0,0,0,0
393,393,NEWTON EXCH/SURREY CENTRAL STN,Southeast,Std. Bus,Peak Only Limited," 60,000 "," 19,000 ",400m, 13.2 ,,0,0,0,0,0,0,0,0,0
394,394,WHITE ROCK/KING GEORGE STN EXPRESS,Southeast,Std. Bus,Peak Only Limited," 53,000 "," 28,000 ",400m, 20.0 , Low data sampling 2018 ,- Fall 2016: Adjust stopping procedure to simplify route and improve travel times (all days),0,0,0,0,0,0,0,0
395,395,LANGLEY CENTRE/KING GEORGE STN,Southeast,Std. Bus,Peak Only Limited," 59,000 "," 30,000 ",400m, 20.4 ,,- Summer 2015: Revise eastern terminus from 200th St & 6th Ave to Langley Centre (all days),0,0,0,0,0,0,0,0
401,401,ONE ROAD/BRIGHOUSE STN,Southwest,Std. Bus,Peak Frequent," 49,000 "," 18,000 ",400m, 16.7 , Data reflects split with 408 in Sep 2018 ,- Spring 2017: Increase service during a.m./p.m. peaks from every 10-15 to 9-12 min; Increase service 22:00-24:00 from every 60 to 30 min (M-F),"- Fall 2018: Split 401 at Brighouse Stn, this route serves Brighouse Stn to Steveston (all days)",0,0,0,0,0,0,0
402,402,TWO ROAD/BRIGHOUSE STN,Southwest,Std. Bus,Peak Frequent," 53,000 "," 14,000 ",400m, 9.3 ,,- Spring 2015: Add one trip to Richmond-Brighouse Station on a.m. peak shoulder (M-F),- Fall 2018: Increase service 07:00-08:00 from every 12 to 10 min (M-F),0,0,0,0,0,0,0
403,403,BRIDGEPORT STN/THREE ROAD,Southwest,Std. Bus,Peak Frequent," 49,000 "," 28,000 ",400m, 12.6 ,,- Fall 2015: Increase service 09:00-18:00 from every 20 to 15 min (Sat); Convert vehicle from articulated 60' bus to standard 40' bus (Sat),- Spring 2018: Increase service 14:00-19:00 from every 20 to 15 min and 19:00-20:00 from every 30 to 20 min (Sun),"- Fall 2018: Increase service 07:00-09:00 from every 12 to 10 min, 09:00-09:30 from every 15 to 12 min, and 16:00-18:00 from every 12 to 10 min (M-F)",Summer 2019: Increase service SB 06:00-07:00 from every 30 to 12 mins (M-F),0,0,0,0,0
404,404,FOUR ROAD/BRIGHOUSE STN,Southwest,Std. Bus,Standard," 39,000 "," 14,000 ",400m, 9.6 ,,0,0,0,0,0,0,0,0,0
405,405,FIVE ROAD/CAMBIE,Southwest,Std. Bus,Standard," 58,000 "," 36,000 ",400m, 19.4 ,,0,0,0,0,0,0,0,0,0
406,406,BRIGHOUSE STN/STEVESTON,Southwest,Std. Bus,All Day Frequent," 60,000 "," 15,000 ",400m,, Data reflects split with 410 in Sep 2018; See 410 for earlier data ,"- Fall 2018: Split 410 at Brighouse Station, this route serves Brighouse Station to Steveston (all days)",0,0,0,0,0,0,0,0
407,407,GILBERT/BRIDGEPORT,Southwest,Std. Bus,Standard," 80,000 "," 36,000 ",400m, 19.0 ,,0,0,0,0,0,0,0,0,0
408,408,BRIGHOUSE STN/IRONWOOD/RIVERPORT,Southwest,Std. Bus,Peak Frequent," 52,000 "," 18,000 ",400m,, Data reflects split with 401 in Sep 2018; See 401 for earlier data ,"- Fall 2018: Split 401 at Brighouse Station, this route serves Brighouse Stn to Ironwood/Riverport (all days)",0,0,0,0,0,0,0,0
410,410,22ND ST STN/BRIGHOUSE STN,Southwest,Std. Bus,All Day Frequent," 50,000 "," 40,000 ",400m, 30.4 , Data reflects split with 406 in Sep 2018 ,- Spring 2015: Add one trip departing 22nd St Station on p.m. peak shoulder (M-F),- Spring 2016: Add one bus/hour during a.m./p.m. peak for Pattullo Bridge Rehabilitation (M-F),- Fall 2016: Return to regular service after Pattullo Bridge Rehabilitation (remove one bus/hour during a.m./p.m. peaks; M-F),"- Spring 2017: Increase service during a.m. peak from every 7 to 6 min, during p.m. peak from every 9 to 8 min, 21:00-24:00 from every 30 to 20 min (M-F); Increase service 14:00-16:00 (Sat) from every 10 to 9 min and 22:00-24:00 from every 30 to 20 min (Sat; S/H)","- Fall 2018: Split 410 at Brighouse Station, this route serves Brighouse Stn to 22nd Street Stn (all days)",0,0,0,0
412,412,BRIDGEPORT STN/SEA ISLAND SOUTH,Southwest,Std. Bus,Basic," 2,000 "," 5,000 ",400m, 6.7 ,,- Fall 2018: Change route name from C92 to 412 (all days),0,0,0,0,0,0,0,0
413,413,RIVERPORT/STEVESTON,Southwest,Mini-Bus,Basic," 32,000 "," 7,000 ",400m, 12.0 , Limited data sampling 2015 ,- Fall 2018: Change route name from C93 to 413 (all days),0,0,0,0,0,0,0,0
414,414,RICHMOND OVAL/BRIGHOUSE STN,Southwest,Mini-Bus,Basic," 30,000 "," 16,000 ",400m, 4.3 , Limited data sampling 2015 ,- Fall 2018: Change route name from C94 to 414 (all days),0,0,0,0,0,0,0,0
416,416,EAST CAMBIE/BRIGHOUSE STN,Southwest,Mini-Bus,Peak Only Limited," 41,000 "," 28,000 ",400m, 10.3 , Limited data sampling 2015 ,- Fall 2018: Change route name from C96 to 416 (all days),0,0,0,0,0,0,0,0
418,418,KINGSWOOD/22ND ST STN,Southwest,Std. Bus,Peak Only Limited," 10,000 "," 6,000 ",400m, 10.1 ,,- Fall 2018: Change route name from C98 to 418 (all days),0,0,0,0,0,0,0,0
430,430,METROTOWN STN/BRIGHOUSE STN,Southwest,Std. Bus,Standard," 85,000 "," 41,000 ",400m, 18.6 ,,- Fall 2017: Increase service 06:00-09:00 from every 20 to 15 min and 09:00-13:00 from every 30 to 20 min (M-F),Summer 2019: Increase service 05:00-06:00 from every 20 to 15 mins (M-F); Extend first WB trip to start at Metrotown Station at 06:55 (Sat),0,0,0,0,0,0,0
480,480,UBC/BRIDGEPORT STN,Southwest,Std. Bus,Peak Frequent," 36,000 "," 30,000 ",400m, 18.4 ,,- Summer 2016: Adjust stopping procedure to make consistent with 043 and improve travel times (all days),0,0,0,0,0,0,0,0
501,501,LANGLEY CENTRE/SURREY CENTRAL STN,Southeast,Std. Bus,Standard," 63,000 "," 49,000 ",400m, 24.7 , Data reflects service redesign in Sep 2016; Previously both 501 and 590 ,- Fall 2016: Merge the 590 a.m. trips to Surrey Central and p.m. trips to Langley Centre into 501 schedule (M-F),- Spring 2017: Increase service 19:30-22:30 from every 60 to 30 min btw Carvolth and Langley (M-F),0,0,0,0,0,0,0
502,502,LANGLEY CENTRE/SURREY CENTRAL STN,Southeast,Std. Bus,All Day Frequent," 61,000 "," 32,000 ",400m, 18.1 ,,- Fall 2016: Truncate 502 Brookswood trips at Langley Centre; Remove peak-only trips to/from Brookswood (M-F),"- Spring 2017: Increase service during a.m./p.m. peaks from every 8-10 to 7-9 min (M-F); Increase service 09:00-12:00 and 17:00-19:00 from every 15 to 12 min (Sat); Extend 30-min service until 26:00 (M-F, Sat)","Fall 2019: Adjust service as part of an overhaul of Fraser Hwy transit services: 04:00-05:00 from every 20 to 15 mins, 05:00-09:00 from every 7-10 to 12 mins, 09:00-15:00 from every 12-15 to 15 mins, 15:00-19:00 from every 8-12 to 12 mins, 19:00-21:30 from every 30 to 15 mins, and 21:30-01:30 from every 30 to 20 mins (M-F); 06:00-00:00 from every 12-15 to 15 mins and 00:00-01:30 from every 30-40 to 30 min (Sat); 06:00-23:00 from every 15-30 to 15 mins (S/H)",0,0,0,0,0,0
503,503,ALDERGROVE/SURREY CENTRAL STN,Southeast,Std. Bus,Standard," 72,000 "," 34,000 ",400m, 32.8 ,,"Fall 2019: Increase service to create new Fraser Highway Express 06:00-09:00 and 15:00-18:00 from every 30 to 8-9 mins, 09:00-15:00 and 18:00-22:00 from every 30 to 10-15 mins, and 22:00-00:30 from every 60 to 30 mins (M-F); Increase service 05:00-20:59 from every 30 to 15 mins and 21:00-00:00 from every 45 to 15 mins (Sat); Adjust service 05:00-21:00 from every 30 to 15 mins, 21:00-22:00 from every 60 to 30 mins, and 22:00-23:00 from every 45 to 60 mins (S/H); Change stopping pattern to allow pick-up and drop-off at all express stops (all days)",0,0,0,0,0,0,0,0
509,509,WALNUT GROVE/SURREY CENTRAL STN,Southeast,Std. Bus,Peak Only Limited," 55,000 "," 19,000 ",400m, 21.7 ,,0,0,0,0,0,0,0,0,0
531,531,WHITE ROCK CENTRE/WILLOWBROOK,Southeast,Std. Bus,Standard," 46,000 "," 30,000 ",400m, 22.8 , Data reflects new connection to Langley Centre in Sep 2016 ,- Fall 2016: Add two NB trips at 05:00 starting at 40th Ave & 204th St (M-F),- Fall 2016: Revise route to serve Langley Centre via 64th Ave and 56th Ave (all days),0,0,0,0,0,0,0
555,555,CARVOLTH EXCH / LOUGHEED STN,Southeast,Std. Bus,Peak Frequent," 19,000 "," 9,000 ",400m, 21.8 ,,- Summer 2015: Add two trips 22:00-23:00 (all days),- Summer 2015: Revise western terminus from Braid to Lougheed Town Centre (all days),- Spring 2017: Increase service 06:00-08:00 and 15:00-20:00 from every 6-15 to 5-10 min (M-F),"- Winter 2017: Increase service 06:00-07:00 from every 8 to 6 min, 07:00-08:00 from every 6 to 5 min, and 08:00-09:00 from every 10 to 7.5 min (M-F)",- Fall 2018: Increase service 09:00-14:00 from every 30 to 20 min (M-F); Increase service 10:00-17:00 from every 30 to 20 min (Sat),0,0,0,0
560/561,560/561,LANGLEY CENTRE/LANGLEY HOSPITAL–BROOKSWOOD,Southeast,Mini-Bus,Basic," 38,000 "," 11,000 ",400m, 10.7 , 560/561 run as a connected loop ,"- Summer 2018: New route 560 replaces eastern portion of C60 and C61 between Langley Centre and 48 Ave/208 St, route 561 replaces western portion of C60 and C61 between Langley Centre and 48 Ave/208 St (all days)",0,0,0,0,0,0,0,0
562,562,LANGLEY CENTRE/WALNUT GROVE,Southeast,Mini-Bus,Basic," 31,000 "," 14,000 ",400m, 20.4 ,,- Summer 2018: Change route name from C62 to 562 (all days),0,0,0,0,0,0,0,0
563,563,LANGLEY CENTRE/FERNRIDGE,Southeast,Mini-Bus,Basic," 22,000 "," 9,000 ",400m, 12.4 ,,- Summer 2017: Increase NB service during a.m. peak from every 60 to 30 min (M-F),- Summer 2018: Change route name from C63 to 563 (all days),0,0,0,0,0,0,0
564,564,LANGLEY CENTRE/WILLOWBROOK,Southeast,Mini-Bus,Basic," 19,000 "," 18,000 ",400m, 10.8 ,,- Summer 2018: Change route name from C64 to 564 (all days),0,0,0,0,0,0,0,0
595,595,MAPLE MEADOWS STN/LANGLEY CENTRE,Southeast,Std. Bus,Standard," 25,000 "," 20,000 ",400m, 16.5 , Data reflects new service area to Willoughby in Sep 2016 ,- Fall 2016: Reroute from 200th St to 208th St btw Langley Centre and Carvolth Exchange (all days),- Winter 2016: Discontinue express bus service and reintroduce all local stops to route (all days),0,0,0,0,0,0,0
601,601,SOUTH DELTA/BOUNDARY BAY/BRIDGEPORT,Southwest,Std. Bus,Peak Frequent," 24,000 "," 10,000 ",400m, 28.7 , Data reflects new service area to Tsawwassen Mills in Sep 2016 ,- Fall 2016: Reroute from 56th St to 52nd St to serve new Tsawwassen shopping mall (all days),- Fall 2016: Convert one regular pattern trip to a Boundary Bay pattern trip at 08:00 to address gap in coverage (M-F),- Spring 2017: Increase service 21:00-24:00 from every 30 to 20 min (all days),"- Winter 2018: Extend last trip to Bridgeport Stn from Steveston Hwy (Sat, S/H)",0,0,0,0,0
602,602,TSAWWASSEN HEIGHTS/BRIDGEPORT,Southwest,Std. Bus,Peak Only Limited," 14,000 "," 6,000 ",400m, 25.8 ,,0,0,0,0,0,0,0,0,0
603,603,BEACH GROVE/BRIDGEPORT,Southwest,Std. Bus,Peak Only Limited," 18,000 "," 6,000 ",400m, 14.7 ,,0,0,0,0,0,0,0,0,0
604,604,ENGLISH BLUFF/BRIDGEPORT,Southwest,Std. Bus,Peak Only Limited," 18,000 "," 6,000 ",400m, 14.6 , Low data sampling 2016 ,0,0,0,0,0,0,0,0,0
606,606,LADNER RING,Southwest,Std. Bus,Peak Only Limited," 17,000 "," 3,000 ",400m, 5.4 , Low data sampling 2015 and 2018 ,0,0,0,0,0,0,0,0,0
608,608,LADNER RING,Southwest,Std. Bus,Peak Only Limited," 17,000 "," 4,000 ",400m, 4.8 , Low data sampling 2018 ,0,0,0,0,0,0,0,0,0
609,609,TSAWWASSEN FIRST NATION/SOUTH DELTA,Southwest,Mini-Bus,Basic," 9,000 "," 4,000 ",400m, 8.1 , Data reflects new service area to Tsawwassen Mills Sep 2016; Low data sampling 2015-2017 ,- Fall 2016: Reroute via Canoe Pass Way & Salish Sea Dr to serve new Tsawwassen shopping mall (all days),- Winter 2017: Operate route by CMBC from contractor (all days),0,0,0,0,0,0,0
614,614,ENGLISH BLUFF/SOUTH DELTA REC CENTRE,Southwest,Mini-Bus,Basic," 15,000 "," 3,000 ",400m, 6.6 , No data sampling in 2015; Low data sampling 2016 ,- Fall 2018: Change route name from C84 to 614 (all days),0,0,0,0,0,0,0,0
616,616,LADNER SOUTH/LADNER EXCH,Southwest,Mini-Bus,Basic," 13,000 "," 4,000 ",400m, 3.7 ,,- Fall 2018: Change route name from C86 to 616 (all days),0,0,0,0,0,0,0,0
617,617,EAST LADNER/LADNER EXCH,Southwest,Mini-Bus,Basic," 8,000 "," 1,000 ",400m, 2.4 ,,- Fall 2018: Change route name from C87 to 617 (all days),0,0,0,0,0,0,0,0
618,618,LADNER NORTH/LADNER EXCH,Southwest,Mini-Bus,Basic," 14,000 "," 3,000 ",400m, 4.1 ,,- Fall 2018: Change route name from C88 to 618 (all days),0,0,0,0,0,0,0,0
619,619,BOUNDARY BAY/SOUTH DELTA REC CENTRE,Southwest,Mini-Bus,Basic," 6,000 "," 3,000 ",400m, 5.5 ,,- Fall 2018: Change route name from C89 to 619 (all days),0,0,0,0,0,0,0,0
620,620,TSAWWASSEN FERRY/BRIDGEPORT STN,Southwest,Double Decker,Standard," 8,000 "," 4,000 ",400m, 27.7 ,,- Fall 2016: Adjust stopping procedure to provide a more direct and faster service btw Bridgeport and Tsawwassen Ferry (all days),"- Fall 2017: Add 1 trip/hour to meet ferry 15:00-19:00 (M-F), 08:00-14:00 (Sat), 10:00-23:00 (S/H)",-Fall 2019: Switch vehicle to double decker from standard bus (all days),Fall 2019: Introduce new double decker buses on route,0,0,0,0,0
640,640,LADNER EXCH/SCOTT ROAD STN,Southeast,Std. Bus,Standard," 12,000 "," 12,000 ",400m, 24.0 ,,- Spring 2015: Increase service during p.m. peak from every 30 to 20 min (M-F),Spring 2019: Increase service 13:00-15:00 from every 30 to 20 mins and 20:00-23:00 from every 60 to 30 mins (M-F); Increase service 7:30-10:00 from every 60 to 30 mins (Sat),Summer 2019: Increase service all day from every 60 to 30 mins (Sat),0,0,0,0,0,0
701,701,HANEY/MAPLE RIDGE EAST/COQUITLAM CTRL STN,Maple Ridge/Pitt Meadows,Std. Bus,All Day Frequent," 56,000 "," 27,000 ",400m, 23.3 , Data reflects Evergreen Extension integration in Dec 2016 ,- Winter 2016: Reroute due to Evergreen Extension; Reroute eastern segment of select trips to new terminus at Mission City Station via Lougheed Hwy (formerly served by WCE TrainBus; all days),0,0,0,0,0,0,0,0
719/722,719/722,MEADOWTOWN/FRASER WAY–BONSON,Maple Ridge/Pitt Meadows,Mini-Bus,Basic," 17,000 "," 5,000 ",400m, 5.8 , 719/722 run as a connected loop; Low data sampling 2016 ,"- Fall 2018: New route 719 replaces eastern portion of C41 from Meadowtown to Fraser Way, route 722 replaces western portion of C41 from Meadowtown to Fraser Way (all days)
- Route 722: Extend all trips to Maple Meadows",- Winter 2018: Adjust schedule to match previous C41 schedule (all days),0,0,0,0,0,0,0
733,733,ROCK RIDGE/HANEY PLACE/PORT HANEY STN,Maple Ridge/Pitt Meadows,Mini-Bus,Basic," 19,000 "," 6,000 ",400m, 7.0 , New route to Silver Valley starting Sep 2017 ,- Fall 2017: Reroute eastern portion of former C47 as new 733; Introduce new service to Silver Valley every 30-45 min (all days),- Winter 2017: Introduce new service span 07:00-08:00 with one new trip (S/H),0,0,0,0,0,0,0
741,741,ANDERSON CREEK/HANEY PLACE/PORT HANEY STN,Maple Ridge/Pitt Meadows,Mini-Bus,Basic," 17,000 "," 6,000 ",400m, 7.0 , New route to Silver Valley starting Sep 2017 ,- Fall 2017: Reroute western portion of former C47 as new 741; Introduce new service to Silver Valley every 30-45 min (all days),- Winter 2017: Introduce new service span 07:00-08:00 with one new trip (S/H),0,0,0,0,0,0,0
743,743,HANEY PL/MAPLE MDWS STN/MEADOWTOWN,Maple Ridge/Pitt Meadows,Mini-Bus,Basic," 28,000 "," 11,000 ",400m, 9.9 , Low data sampling 2016 ,- Summer 2018: Change route name from C43 to 743 (all days),- Fall 2018: Extend all trips to Meadowtown (all days),0,0,0,0,0,0,0
744,744,HANEY PL/MAPLE MDWS STN/MEADOWTOWN,Maple Ridge/Pitt Meadows,Mini-Bus,Basic," 30,000 "," 10,000 ",400m, 10.4 , Low data sampling 2016 ,- Summer 2018: Change route name from C44 to 744 (all days),- Fall 2018: Extend all trips to Meadowtown (all days),0,0,0,0,0,0,0
745/746,745/746,COTTONWOOD– ALBION/HANEY PLACE,Maple Ridge/Pitt Meadows,Mini-Bus,Basic," 30,000 "," 8,000 ",400m, 10.6 , 745/746 run as a connected loop; Low data sampling 2016 ,- Fall 2017: Extend service until 21:00 every 60 min ](M-F),"- Summer 2018: New route 745 replaces northeastern portion of C45 and C46 between Haney Place and Jackson Rd, route 746 replaces southwestern portion of C45 and C46 between Haney Place and Jackson Rd (all days)",- Winter 2018: Add 2 p.m. peak trips 16:00-18:00 to connect with WCE (M-F),0,0,0,0,0,0
748,748,THORNHILL/HANEY PLACE,Maple Ridge/Pitt Meadows,Mini-Bus,Basic," 19,000 "," 7,000 ",400m, 18.7 , Low data sampling 2016 ,- Summer 2018: Change route name from C48 to 748 (all days),"- Fall 2018: Remove stop at Port Haney Station for 10:18 WB trip (Sat, S/H)",0,0,0,0,0,0,0
749,749,RUSKIN/HANEY PLACE,Maple Ridge/Pitt Meadows,Mini-Bus,Basic," 14,000 "," 7,000 ",400m, 19.4 , Low data sampling 2016 ,- Summer 2018: Change route name from C49 to 749 (all days),0,0,0,0,0,0,0,0
791,791,HANEY PLACE/BRAID STN,Maple Ridge/Pitt Meadows,Std. Bus,Basic," 36,000 "," 24,000 ",400m, 25.9 ,,0,0,0,0,0,0,0,0,0
N10,N10,DOWNTOWN/RICHMOND NIGHTBUS,Vancouver/UBC,Std. Bus,Special," 112,000 "," 159,000 ",400m, 19.4 ,,0,0,0,0,0,0,0,0,0
N15,N15,DOWNTOWN/CAMBIE NIGHTBUS,Vancouver/UBC,Std. Bus,Special," 106,000 "," 157,000 ",400m, 9.7 ,,0,0,0,0,0,0,0,0,0
N17,N17,DOWNTOWN/UBC NIGHTBUS,Vancouver/UBC,Artic. Bus,Special," 98,000 "," 153,000 ",400m, 11.5 ,,"- Fall 2015: Increase service 26:00-27:00 from every 30 to 20 min (M-F, Sat)",- Spring 2018: Remove one trip 02:00-03:00 (all days) and reinvest to extend service until 03:30 (Fri-Sat),Fall 2019: Extend EB service until 5:00 and WB service until 4:30 to create 24/7 corridor with day time route 14 (all days),0,0,0,0,0,0
N19,N19,DOWNTOWN/SURREY CTRL STN NIGHTBUS,Burnaby/New Westminster,Artic. Bus,Special," 211,000 "," 181,000 ",400m, 27.4 ,,- Fall 2015: Add add'l EB trips to provide 24hr service between first and last SkyTrain,- Fall 2015: Add one additional EB trip 26:00-27:00 (all days),Summer 2019: Add late night trips between 01:00-02:00 (Sat); Add late night trips between 12:00-02:00 (S/H),0,0,0,0,0,0
N20,N20,DOWNTOWN/VICTORIA NIGHTBUS,Vancouver/UBC,Std. Bus,Special," 134,000 "," 144,000 ",400m, 15.9 ,,"- Fall 2015: Increase service 26:00-27:00 from every 30 to 20 min (M-F, Sat) ",- Summer 2016: Revise southern terminus from Harrison Loop to Marine Drive Station (all days),"- Summer 2017: Extend 30m service until 29:00 (M-F, Sat)",0,0,0,0,0,0
N22,N22,DOWNTOWN/MACDONALD NIGHTBUS,Vancouver/UBC,Std. Bus,Special," 92,000 "," 121,000 ",400m, 10.8 , Low data sampling 2015 ,"- Summer 2016: Truncate route at Dunbar Loop; provide two-way service along W 41st Ave, Mackenzie St, and Macdonald St (all days)",0,0,0,0,0,0,0,0
N24,N24,DOWNTOWN/ LYNN VALLEY NIGHTBUS,North Shore,Std. Bus,Special," 125,000 "," 149,000 ",400m, 17.7 ,,"- Fall 2015: Increase service 26:00-27:00 from every 30 to 20 min (M-F, Sat)",0,0,0,0,0,0,0,0
N35,N35,DOWNTOWN/SFU NIGHTBUS,Burnaby/New Westminster,Artic. Bus,Special," 100,000 "," 147,000 ",400m, 17.8 ,,- Summer 2015: Increase service 26:00-27:00 from every 30 to 20 min (Sat),- Fall 2015: Increase service 26:00-27:00 from every 30 to 20 min (M-F),"- Summer 2017: Extend service until 29:00 every 30 min (M-F, Sat); Increase service 26:00-27:00 from every 30 to 20 min (Sat)",- Winter 2017: Add one trip WB at 05:00 (Sat); Add five trips WB and three trips EB 02:00-04:00 (S/H); Service on corridor now 30 min or better 24/7 when combined with 95 B-Line,0,0,0,0,0
N8,N8,DOWNTOWN/FRASER NIGHTBUS,Vancouver/UBC,Std. Bus,Special," 122,000 "," 143,000 ",400m, 12.6 ,,"- Fall 2015: Increase service 26:00-27:00 from every 30 to 20 min (M-F, Sat)",- Summer 2016: Revise southern terminus from Fraser & Marine to Marine Drive Station (all days),"- Summer 2017: Extend service until 29:00 every 30 min (M-F, Sat)",0,0,0,0,0,0
N9,N9,DOWNTOWN/LOUGHEED STN/COQ CTRL STN NIGHTBUS,Vancouver/UBC,Std. Bus,Special," 221,000 "," 220,000 ",400m, 28.1 , Low data sampling 2015 ,"- Fall 2015: Increase service 26:00-27:00 from every 30 to 20 min (M-F, Sat)",- Winter 2016: Revise due to Evergreen Extension; Extend service 25:00-29:00 every 30 min (all days),"- Summer 2017: Extend service until 28:30 every 30 min (all days); Extend early morning WB service until 06:30 (Sat, S/H)",0,0,0,0,0,0
